{
 "+tweakers": [
  "optifine.OptiFineTweaker", 
  "org.vivecraft.tweaker.MinecriftVanillaTweaker"
 ], 
 "uid": "vivecraft", 
 "libraries": [
  {
   "MMC-hint": "local", 
   "name": "com.mtbs3d:minecrift:1.19-jrbudda-VR-1-a5"
  }, 
  {
   "url": "http://vivecraft.org/jar/", 
   "name": "net.minecraft:launchwrapper:2.3"
  }, 
  {
   "MMC-hint": "local", 
   "name": "optifine:OptiFine:1.19_HD_U_H8_LIB"
  }, 
  {
   "url": "https://repo1.maven.org/maven2/", 
   "rules": [
    {
     "action": "allow"
    }, 
    {
     "action": "disallow", 
     "os": {
      "name": "osx"
     }
    }
   ], 
   "downloads": {
    "artifact": {
     "url": "https://repo1.maven.org/maven2/org/lwjgl/lwjgl-ovr/3.2.2/lwjgl-ovr-3.2.2.jar", 
     "path": "org/lwjgl/lwjgl-ovr/3.2.2/lwjgl-ovr-3.2.2.jar", 
     "sha1": "2445b0d65d20bf75c7252edc9297eb0ba8aeead6", 
     "size": 244701
    }
   }, 
   "name": "org.lwjgl:lwjgl-ovr:3.2.2"
  }, 
  {
   "url": "https://repo1.maven.org/maven2/", 
   "rules": [
    {
     "action": "allow"
    }, 
    {
     "action": "disallow", 
     "os": {
      "name": "osx"
     }
    }
   ], 
   "downloads": {
    "classifiers": {
     "natives-windows": {
      "url": "https://repo1.maven.org/maven2/org/lwjgl/lwjgl-ovr/3.2.2/lwjgl-ovr-3.2.2-natives-windows.jar", 
      "path": "org/lwjgl/lwjgl-ovr/3.2.2/lwjgl-ovr-3.2.2-natives-windows.jar", 
      "sha1": "5f069603dd0a2791e43382a275bf567e0ac84c3d", 
      "size": 155216
     }
    }, 
    "artifact": {
     "url": "https://repo1.maven.org/maven2/org/lwjgl/lwjgl-ovr/3.2.2/lwjgl-ovr-3.2.2.jar", 
     "path": "org/lwjgl/lwjgl-ovr/3.2.2/lwjgl-ovr-3.2.2.jar", 
     "sha1": "2445b0d65d20bf75c7252edc9297eb0ba8aeead6", 
     "size": 244701
    }
   }, 
   "name": "org.lwjgl:lwjgl-ovr:3.2.2", 
   "natives": {
    "windows": "natives-windows"
   }
  }
 ], 
 "version": "4", 
 "mainClass": "net.minecraft.launchwrapper.Launch", 
 "time": "1979-06-01T00:00:00-05:00", 
 "releaseTime": "1979-06-01T00:00:00-05:00", 
 "id": "vivecraft-1.19-jrbudda-VR-1-a5", 
 "name": "Vivecraft"
}