{
 "inheritsFrom": "1.19", 
 "name": "Vivecraft", 
 "order": 6, 
 "libraries": [
  {
   "MMC-hint": "local", 
   "name": "com.mtbs3d:minecrift:1.19-jrbudda-VR-1-a5"
  }, 
  {
   "url": "http://vivecraft.org/jar/", 
   "name": "optifine:OptiFine:1.19_HD_U_H8_LIB"
  }, 
  {
   "url": "http://vivecraft.org/jar/", 
   "name": "net.minecraft:launchwrapper:2.3"
  }, 
  {
   "url": "https://repo1.maven.org/maven2/", 
   "downloads": {
    "artifact": {
     "url": "https://repo1.maven.org/maven2/org/lwjgl/lwjgl-ovr/3.3.1/lwjgl-ovr-3.3.1.jar", 
     "path": "org/lwjgl/lwjgl-ovr/3.3.1/lwjgl-ovr-3.3.1.jar", 
     "sha1": "275f9064fc5f00b7a8a3c629bd7eea1b6d1ae6fc", 
     "size": 255902
    }
   }, 
   "name": "org.lwjgl:lwjgl-ovr:3.3.1"
  }, 
  {
   "url": "https://repo1.maven.org/maven2/", 
   "rules": [
    {
     "action": "allow"
    }, 
    {
     "action": "disallow", 
     "os": {
      "name": "osx"
     }
    }
   ], 
   "downloads": {
    "artifact": {
     "url": "https://repo1.maven.org/maven2/org/lwjgl/lwjgl-ovr/3.3.1/lwjgl-ovr-3.3.1-natives-windows.jar", 
     "path": "org/lwjgl/lwjgl-ovr/3.3.1/lwjgl-ovr-3.3.1.natives-windows.jar", 
     "sha1": "6bfd19cfc95750af294cef030000cb63d6fd7976", 
     "size": 89227
    }
   }, 
   "name": "org.lwjgl:lwjgl-ovr:3.3.1:natives-windows"
  }
 ], 
 "version": "1.19-jrbudda-VR-1-a5", 
 "mainClass": "net.minecraft.launchwrapper.Launch", 
 "arguments": {
  "game": [
   "--tweakClass", 
   "optifine.OptiFineTweaker", 
   "--tweakClass", 
   "org.vivecraft.tweaker.MinecriftVanillaTweaker"
  ]
 }, 
 "time": "1979-06-01T00:00:00-05:00", 
 "mcVersion": "1.19", 
 "releaseTime": "1979-06-01T00:00:00-05:00", 
 "type": "release", 
 "id": "vivecraft-1.19-jrbudda-VR-1-a5", 
 "fileId": "$FILE"
}